OID_;X;Y;Shape_Length;Shape_Area;Construction_min;Construction_max;Demolition_min;Demolition_max;Address;Cause;Source;Comments;Is_demolished;Fire;D_unif;C_lognorm
4;270786,4075;7042116,776;100,9098298;605,6948476;1708;1766;-10;0;Kjøpmannsgata 44;0;0;Not demolished !;False;0;-9;
94;270547,2877;7042239,081;61,00745876;228,3644804;1841;1851;-10;0;Fjordgata 23;0;0;NOT DEMOLSHED, renovated in 1988;False;0;-5;1846.0
194;270452,4827;7042043,588;55,96857006;157,0635868;1841;1845;-10;0;Nordre gate 16;0;0;not demolished??;False;0;-9;1841.0
195;270452,196;7042035,72;72,83357792;169,0379546;1841;1851;-10;0;Nordre gate 14;0;0;not demolished ?;False;0;-5;1843.0
263;270568,7044;7042034,593;49,89121435;158,3686671;1841;1845;-10;0;Thomas Angells gate 1;0;0;NOT DEMOLISHED??;False;0;-2;1841.0
279;270828,5776;7042222,053;131,259707;1114,086153;1841;1845;-10;0;Kjøpmannsgata 52;0;antikvarisk;NOT DEMOLISHED;False;0;-2;1841.0
1;270725,2548;7042132,398;188,4866324;730,0944897;1841;1883;1898;1908;Olav Tryggvasons gate 2;0;0;test;True;0;1900;1841.0
3;270734,9684;7042074,087;110,6978967;622,1132296;1841;1845;1965;1975;Olav Tryggvasons gate 3;fire;0;0;True;1;1971;1844.0
5;270784,526;7042140,194;165,2037396;1206,307177;1841;1845;1976;1976;Kjøpmannsgata 46;0;antikvarisk;0;True;0;1976;1844.0
8;270725,9908;7042006,383;120,5868474;814,6322718;1841;1883;1951;1981;Kjøpmannsgata 38;0;0;0;True;0;1957;1842.0
9;270747,8047;7042035,984;226,6608169;532,9754385;1841;1883;1900;1910;Olav Tryggvasons gate 1;0;0;0;True;0;1904;1842.0
10;270718,3247;7042034,626;80,73419084;416,3439825;1841;1883;1983;1994;Kramboveiten 2;0;0;0;True;0;1993;1842.0
11;270726,9829;7042048,405;63,86029591;162,1898484;1841;1883;1971;1983;Hornemannsveita ;0;0;0;True;0;1972;1841.0
20;270363,0918;7042219,395;32,85409857;58,09279317;1841;1883;-10;0;Fjordgata 41;0;0;built a 'skur' in 1896;True;0;-5;1843.0
24;270356,851;7042165,111;101,7670206;195,4432463;1841;1883;1982;2004;Taraldsgårdsveita 9;0;0;0;True;0;1999;1843.0
25;270374,0201;7042176,746;59,53156167;101,7376273;1841;1883;1895;1905;Taraldsgårdsveita 3;0;0;0;True;0;1895;1841.0
26;270366,2564;7042174,157;47,60792691;86,61918197;1841;1883;1900;1910;Taraldsgårdsveita 5;0;0;0;True;0;1908;1844.0
27;270368,0908;7042197,027;46,77345594;104,4825203;1841;1883;1880;1890;Taraldsgårdsveita 2;0;0;0;True;0;1886;1841.0
28;270360,2966;7042142,66;96,88709149;195,1432848;1841;1883;1971;1977;Olav Tryggvasons gate 32;0;0;0;True;0;1976;1841.0
29;270376,6156;7042140,924;149,3423175;492,8182666;1841;1883;1971;1977;Olav Tryggvasons gate 30;0;0;0;True;0;1971;1842.0
30;270383,5289;7042154,745;38,00878485;85,15010301;1841;1883;1971;1977;Jomfrugata 12;0;0;0;True;0;1974;1841.0
31;270353,5507;7042209,776;71,47298996;280,3959834;1841;1871;-10;0;Fjordgata 43;0;0;a part was demolished and rebuilt in 1988;True;0;-5;1841.0
32;270360,5431;7042194,526;49,62023746;133,5526154;1841;1883;1900;1910;Taraldsgårdsveita 4;0;0;0;True;0;1903;1846.0
33;270361,5484;7042171,556;41,47783719;75,19518018;1841;1883;1971;1980;Taraldsgårdsveita 7;0;0;0;True;0;1972;1842.0
39;270750,1537;7042238,127;122,6076292;823,3749659;1841;1857;1857;1857;Fjordgata 5;0;0;MODIFIED cf vfeb;True;0;1857;1843.0
40;270707,5076;7042240,587;141,9346523;421,2180629;1841;1883;1890;1900;0;0;0;0;True;0;1899;1844.0
41;270712,0185;7042211,253;75,22983642;167,9566724;1841;1883;1940;1950;Brattørveita 15;0;0;0;True;0;1942;1842.0
43;270720,8051;7042203,3;61,3789555;122,9454853;1841;1883;-10;0;Brattørveita 13B;0;0;0;True;0;-4;1841.0
44;270740,6904;7042199,546;64,52600774;160,3986494;1841;1883;1897;1897;Brattørveita 9;0;0;CHECK PICTURES;True;0;1897;1841.0
45;270713,4859;7042159,935;59,34279838;213,9855035;1841;1883;1907;1907;Brattørgata 1;fire;0;0;True;1;1907;1841.0
46;270734,8709;7042154,387;109,87539;503,8079436;1841;1883;1899;1909;Krambugata 14;0;0;0;True;0;1904;1844.0
47;270815,9853;7042189,946;139,8377681;527,4361123;1841;1883;1975;1975;Brattørveita 1?;0;0;0;True;0;1975;1841.0
50;270708,0264;7042129,761;76,95466001;309,8804606;1841;1883;1898;1908;Olav Tryggvasons gate 4;0;0;0;True;0;1905;1842.0
51;270692,7365;7042294,805;93,16692886;400,8401906;1841;1883;1997;2007;Fjordgata 26;0;0;0;True;0;2001;1844.0
55;270689,4835;7042241,456;80,32959688;264,5112149;1841;1883;1982;1982;Fjordgata 11;0;0;wrong date in geonorge;True;0;1982;1843.0
57;270645,9848;7042207,045;89,58011654;371,2824841;1841;1883;1902;1912;Søndre gate 25;0;0;0;True;0;1904;1845.0
61;270676,6147;7042209,27;106,6395253;380,4248617;1841;1883;1951;1981;Brattørveita 21;0;0;CHECK;True;0;1965;1844.0
62;270689,565;7042213,615;57,00241632;188,7003242;1841;1883;1994;2004;Brattørveita 19;0;0;0;True;0;1996;1841.0
64;270696,3755;7042194,362;58,40157386;191,3369934;1841;1883;-10;0;Brattørgata 8;0;0;0;True;0;-3;1844.0
65;270668,1045;7042168,076;86,61527646;462,0836509;1841;1883;1886;1896;Brattørgata 5;0;0;0;True;0;1893;1844.0
66;270682,2817;7042156,682;122,0669219;352,6377558;1841;1883;1895;1905;Brattørgata 3B;0;0;0;True;0;1900;1845.0
67;270701,4973;7042163,474;64,08665464;195,2586454;1841;1883;1893;1903;Brattørgata 3A;0;0;0;True;0;1894;1841.0
68;270591,0789;7042135,115;103,2785621;580,2070697;1841;1883;1887;1897;Olav Tryggvasons gate 14;0;0;0;True;0;1893;1845.0
69;270533,5321;7042083,542;122,2527972;751,0281854;1841;1883;1881;1891;Olav Tryggvasons gate 21;0;0;Two cycles;True;0;1882;1843.0
72;270595,4777;7042063,614;69,60015824;289,0004842;1841;1883;1951;1960;Søndre gate 16;0;0;0;True;0;1953;1841.0
73;270593,8152;7042096,075;73,04693625;304,9918051;1841;1883;1888;1898;Olav Tryggvasons gate 15;0;0;0;True;0;1888;1845.0
74;270590,3751;7042081,389;96,89007253;377,1181441;1841;1883;1888;1898;Søndre gate 18;0;0;0;True;0;1889;1841.0
75;270630,6411;7042054,6;85,35713242;448,279417;1841;1883;1903;1913;Thomas Angells gate 8;0;0;0;True;0;1910;1842.0
78;270639,6364;7042135,421;95,43289766;589,0724797;1841;1845;2010;2010;Olav Tryggvasons gate 12;fire;0;0;True;1;2010;1844.0
84;270532,6471;7042036,155;55,14826511;188,1118933;1841;1883;1903;1913;Thomas Angells gate 7;0;0;0;True;0;1912;1841.0
100;270523,1624;7042287,287;80,19499978;273,5952384;1841;1883;1890;1900;Fjordgata 48;0;0;0;True;0;1895;1841.0
101;270515,6758;7042239,074;45,94068617;116,6790358;1841;1883;1921;1931;Fjordgata 27;0;0;merged w/ whole block;True;0;1922;1844.0
102;270500,5498;7042199,812;61,11482892;183,0019471;1841;1883;-10;0;Carl Johans gate 14;0;0;0;True;0;-1;1846.0
103;270498,5372;7042214,336;56,20174124;91,82495624;1841;1883;-10;0;Gaubekveita 10;0;0;0;True;0;-7;1842.0
104;270517,3857;7042226,165;48,73770615;105,5839728;1841;1883;1921;1931;Gaubekveita 12;0;0;0;True;0;1928;1841.0
106;270413,5326;7042217,748;48,3898604;134,9833827;1841;1883;1910;1920;Credoveita 2;fire;0;0;True;1;1916;1841.0
108;270423,4061;7042232,012;51,05406369;157,0269291;1841;1883;1890;1900;Fjordgata 35;0;0;0;True;0;1893;1845.0
118;270310,797;7042242,132;86,80368851;397,3115305;1841;1850;1873;1873;Fjordgata 80;0;archives;MODIFIED cf vfeb;True;0;1873;1841.0
120;270352,7445;7042262,897;71,12160077;207,3246469;1841;1883;1881;1891;Fjordgata 70;0;Antikvarisk;0;True;0;1890;1843.0
122;270387,8922;7042229,674;30,94155334;58,19778356;1841;1883;1888;1898;Jomfrugata 22;0;0;0;True;0;1888;1841.0
124;270406,872;7042199,97;50,17743732;153,571113;1841;1883;1921;1931;Jomfrugata 17A;0;0;Orjaveita 8 (in 1883);True;0;1925;1848.0
130;270345,6804;7042162,543;52,1471393;143,9889371;1841;1883;1886;1896;Taraldsgårdsveita 11;0;0;two cycles;True;0;1893;1848.0
131;270383,6429;7042183,888;41,67872261;78,80887252;1841;1883;1890;1900;Taraldsgårdsveita 1;0;0;0;True;0;1897;1841.0
134;270343,353;7042190,952;62,67616357;159,4159201;1841;1883;1888;1898;Taraldsgårdsveita 8;0;0;0;True;0;1889;1842.0
136;270452,9603;7042076,888;54,30461676;163,5809444;1841;1845;1975;1975;Nordre gate 20;0;0;0;True;0;1975;1841.0
138;270506,8427;7042096,854;76,93680293;359,6724242;1841;1883;1888;1898;Olav Tryggvasons gate 25;0;0;0;True;0;1892;1842.0
143;270347,2219;7042093,644;169,8426289;517,2405047;1841;1845;1980;1981;Olav Tryggvasons gate 37;0;0;demolished at some point;True;0;1980;1841.0
145;270326,4958;7042155,24;89,33649904;216,2274467;1841;1883;1890;1900;Taraldsgårdsveita 15;0;0;0;True;0;1899;1841.0
151;270409,2399;7041996,637;77,3068325;345,8774525;1841;1883;1883;1893;Dronningens gate 24;0;0;0;True;0;1886;1841.0
152;270428,585;7041997,124;92,5628612;278,8393955;1841;1883;1880;1890;Vaterlandsveita 3;0;0;0;True;0;1885;1842.0
154;270499,004;7042030,173;137,1226385;1069,161166;1842;1845;1999;2003;Nordre gate 11;0;0;0;True;0;2000;1843.0
157;270328,3135;7042056,166;97,54025515;252,9419137;1841;1862;1901;1910;Munkegata 31;0;0;0;True;0;1904;1841.0
158;270340,0019;7042066,147;40,7711099;89,74329307;1841;1883;1980;1981;Munkegata 31;0;0;merged with 31 munkegata in 1901;True;0;1980;1842.0
166;270335,9986;7042011,728;94,19499031;328,9312097;1841;1878;1898;1898;Munkegata 25;0;0;0;True;0;1898;1841.0
174;270819,575;7042284,05;55,53179625;160,1522773;1841;1883;1905;1905;Fjordgata 10;0;antikvarisk;0;True;0;1905;1841.0
175;270783,1071;7042292,573;109,3466333;722,1617391;1841;1883;1996;1998;Fjordgata 14;0;pictures;0;True;0;1996;1843.0
176;270765,8254;7042292,379;87,0497339;368,5828906;1841;1883;1996;1998;Fjordgata 16;0;pictures;0;True;0;1997;1841.0
177;270749,3677;7042293,324;103,9080373;640,5665113;1841;1883;1996;1998;Fjordgata 18;0;pictures;0;True;0;1996;1841.0
178;270531,098;7042287,152;74,5286951;185,6348255;1841;1883;1890;1900;Fjordgata 46;0;0;0;True;0;1890;1844.0
179;270322,9604;7042248,081;84,84713092;371,4711415;1850;1880;2008;2008;Fjordgata 78;fire;archives;0;True;1;2008;1853.0
180;270330,9882;7042252,78;68,55292383;136,5090978;1841;1883;1896;1906;Fjordgata 76;0;archives;0;True;0;1902;1841.0
181;270344,623;7042258,864;72,82705716;218,851771;1862;1862;2003;2003;Fjordgata 72;0;archives;0;True;0;2003;1862.0
182;270336,947;7042254,626;73,69989784;213,0958485;1841;1860;2008;2008;Fjordgata 74;fire;archives;0;True;1;2008;1841.0
183;270319,0017;7042093,991;147,3435515;510,8988532;1841;1883;1980;1981;Olav Tryggvasons gate 41;0;0;0;True;0;1980;1841.0
184;270305,3713;7042146,06;45,43330317;129,0635139;1841;1883;1890;1900;Munkegata 37;0;0;0;True;0;1893;1851.0
185;270330,1422;7042105,057;42,75636438;94,55742221;1841;1883;1980;1981;Olav Tryggvasons gate 39;0;0;0;True;0;1980;1844.0
186;270376,8941;7042096,411;96,08410199;595,4049487;1841;1845;1982;1984;Olav Tryggvasons gate 35;0;0;0;True;0;1982;1842.0
187;270354,2366;7042080,414;50,25464751;156,7192156;1841;1845;1980;1981;Nedre Enkeltskillingsveita 4;0;0;0;True;0;1980;1843.0
188;270369,3608;7042079,644;38,1652257;91,05799236;1841;1883;1951;1989;Nedre Enkeltskillingsveita 3;0;0;0;True;0;1985;1841.0
189;270368,8528;7042069,681;39,06011807;95,23449816;1841;1845;1980;1990;Nedre Enkeltskillingsveita 1;0;0;0;True;0;1988;1843.0
190;270368,8002;7042058,687;47,55504563;99,39205674;1841;1845;1980;1990;Thomas Angells gate 24;0;0;0;True;0;1982;1842.0
191;270381,8503;7042059,204;46,17182109;129,6514337;1841;1883;1951;1957;Thomas Angells gate 22;0;0;0;True;0;1953;1849.0
192;270382,2288;7042079,376;65,58741017;139,3919419;1841;1883;1951;1956;Thomas Angells gate 22;0;0;0;True;0;1952;1841.0
193;270381,985;7042068,632;50,04873057;154,8234328;1841;1883;1957;1963;Thomas Angells gate 24;0;0;0;True;0;1957;1841.0
196;270451,8722;7042026,054;66,16429487;221,2279993;1841;1883;1957;1964;Nordre gate 14;0;0;TWO CYCLES ?? check;True;0;1958;1841.0
197;270452,3945;7042014,68;86,04817765;225,164196;1841;1883;1957;1964;Nordre gate 14;0;0;TWO CYCLES ?? check;True;0;1962;1842.0
198;270441,2358;7041993,851;71,46202008;250,1732842;1841;1883;1918;1928;Dronningens gate 18;0;0;0;True;0;1918;1846.0
199;270455,049;7041992,822;84,14827407;456,1724929;1841;1883;1892;1901;Nordre gate 12;0;0;two construction + demolition since then;True;0;1894;1844.0
200;270411,7671;7042094,462;102,5780122;659,7657982;1841;1883;1920;1930;Olav Tryggvasons gate 33;0;0;0;True;0;1923;1843.0
201;270410,9937;7042074,865;77,08373042;173,6281427;1841;1883;1920;1930;Jomfrugata 9;0;0;0;True;0;1923;1842.0
202;270410,3374;7042063,281;70,18251313;287,1579844;1841;1883;1957;1963;Jomfrugata 7;0;0;0;True;0;1957;1843.0
203;270432,3633;7042092,076;99,68102651;578,1159548;1841;1883;1880;1890;Olav Tryggvasons gate 33;0;0;0;True;0;1880;1841.0
204;270429,9318;7042066,286;76,36157019;342,4369957;1841;1883;1957;1963;Thomas Angells gate 20;0;pictures;0;True;0;1961;1843.0
205;270452,5505;7042065,528;61,04381265;236,2010241;1841;1883;1963;1964;Nordre gate 18;0;0;0;True;0;1963;1848.0
206;270314,8874;7042139,206;128,0512637;374,0233673;1841;1883;1896;1896;Olav Tryggvasons gate 40;fire;0;0;True;0;1896;1841.0
207;270332,5537;7042137,944;76,85036059;159,5926866;1841;1883;1896;1896;Olav Tryggvasons gate 38;0;0;0;True;0;1896;1847.0
208;270337,9564;7042159,408;51,47139247;146,1016214;1841;1883;1950;1960;Taraldsgårdsveita 13;0;0;TWO CYCLES ?? check dem date;True;0;1951;1841.0
209;270342,1158;7042140,481;66,25418983;220,8649255;1841;1883;1887;1897;Olav Tryggvasons gate 36;0;0;0;True;0;1896;1843.0
210;270351,6482;7042141,776;71,884862;251,9871834;1841;1883;1896;1896;Olav Tryggvasons gate 34;0;antikvarisk;0;True;0;1896;1843.0
211;270340,9079;7042207,732;48,76985405;153,1146271;1841;1883;1890;1900;Fjordgata 46;0;0;0;True;0;1897;1841.0
212;270412,5808;7042138,728;96,35722178;577,7562153;1841;1883;1964;1971;Olav Tryggvasons gate 28;0;0;0;True;0;1966;1842.0
213;270442,662;7042145,449;204,8235343;951,0606871;1841;1883;1930;1940;Olav Tryggvasons gate 26;0;0;0;True;0;1936;1844.0
214;270457,1582;7042160,823;49,99006264;143,7512361;1841;1883;-10;0;Nordre gate 22;0;0;0;True;0;0;1841.0
215;270457,4356;7042181,713;80,42792436;225,1515567;1841;1883;1925;1935;Nordre gate 24;0;0;0;True;0;1928;1843.0
216;270445,2041;7042179,643;81,88868111;327,727598;1841;1883;1930;1940;Ørjaveita 1;0;0;0;True;0;1939;1841.0
217;270431,8693;7042183,919;82,34954095;183,8167418;1841;1883;1930;1940;Ørjaveita 3;0;0;0;True;0;1935;1841.0
218;270422,1373;7042181,457;71,17482862;140,1818493;1841;1883;1930;1940;Ørjaveita 5;0;0;0;True;0;1939;1842.0
219;270413,0387;7042180,321;59,65375392;176,8497851;1841;1883;1964;1971;Ørjaveita 7;0;0;0;True;0;1968;1842.0
220;270403,7699;7042184,801;36,43477615;86,8506232;1841;1883;1930;1940;Jomfrugata 15;0;0;0;True;0;1931;1842.0
221;270405,9854;7042170,279;67,58692602;218,947451;1841;1883;1964;1971;Jomfrugata 13;0;0;0;True;0;1970;1841.0
222;270412,0318;7042154,916;99,56974264;280,3895024;1841;1883;1964;1971;Jomfrugata 11;0;0;0;True;0;1966;1848.0
223;270405,8202;7042209,35;42,60990843;109,2526798;1841;1845;1964;1967;Jomfrugata 17B;0;0;jomfrugata 17 (in 1883);True;0;1965;1841.0
224;270403,7231;7042226,065;64,81415863;187,5518056;1841;1883;1889;1899;Fjordgata 37;0;0;Jomfrugata 19 (in 1883);True;0;1892;1844.0
225;270411,1705;7042231,897;46,1378314;123,8704685;1841;1883;-10;0;Credoveita 14;0;0;Fjordgata 37 (in 1883);True;0;0;1841.0
226;270497,2076;7042167,323;177,0314866;643,5330062;1841;1883;1950;1975;Nordre gate 19;0;0;0;True;0;1950;1842.0
227;270510,9485;7042174,8;38,47123666;89,13036674;1841;1883;1950;1975;Carl Johans gate 13;0;0;0;True;0;1966;1841.0
228;270520,0545;7042168,574;70,34049692;210,1364194;1841;1883;1950;1975;Carl Johans gate 11;0;0;0;True;0;1970;1842.0
229;270528,4865;7042167,827;67,06227479;208,6620307;1841;1883;1950;1975;Carl Johans gate 9;0;0;0;True;0;1957;1841.0
230;270537,5517;7042165,671;58,60996676;124,0091601;1841;1883;1947;1956;Carl Johans gate 7;0;0;0;True;0;1951;1844.0
231;270549,2482;7042171,422;54,2553874;186,1039158;1841;1883;1890;1900;Carl Johans gate 5;0;0;0;True;0;1895;1841.0
232;270546,916;7042159,252;56,50350984;203,5273884;1841;1883;1990;2000;Gjelvangveita 2;0;0;0;True;0;1994;1842.0
233;270488,9099;7042139,824;68,4357678;275,8196017;1841;1883;1951;1975;Nordre gate 17;0;0;0;True;0;1972;1843.0
234;270500,5104;7042137,701;80,21110698;178,4695484;1841;1883;1951;1981;Olav Tryggvasons gate 24;0;0;0;True;0;1974;1842.0
235;270512,6626;7042138,219;74,26880738;328,7911709;1841;1883;1888;1898;Olav Tryggvasons gate 22;0;0;0;True;0;1888;1842.0
236;270529,2276;7042137,98;81,80844344;411,6506024;1841;1883;1890;1900;Olav Tryggvasons gate 20;0;0;0;True;0;1899;1842.0
237;270545,1042;7042137,073;79,2453899;221,6658604;1841;1883;-10;0;Olav Tryggvasons gate 18;0;0;not demolished ? not sure;True;0;0;1842.0
238;270565,6963;7042136,654;86,40422938;469,4131175;1841;1883;1905;1915;Olav Tryggvasons gate 16;0;0;0;True;0;1910;1843.0
239;270568,4316;7042149,958;46,3814007;74,59497723;1841;1883;1905;1915;Gjelvangveita 1;0;0;0;True;0;1905;1841.0
240;270569,2267;7042159,645;60,18783399;213,1292676;1841;1883;1905;1915;Gjelvangveita 3;0;0;0;True;0;1914;1843.0
241;270571,8744;7042169,704;58,23227423;156,8587061;1841;1883;1905;1915;Carl Johans gate 3;0;0;0;True;0;1912;1843.0
242;270598,8403;7042246,767;103,0728133;518,000403;1841;1883;1897;1900;Fjordgata 19;0;0;renovated in 1992;True;0;1899;1846.0
243;270580,1166;7042193,137;75,38780331;336,3174598;1841;1883;-10;0;Carl Johans gate 4;0;0;0;True;0;-2;1841.0
244;270602,311;7042194,817;85,41357883;483,8954902;1841;1883;-10;0;Carl Johans gate 2;0;0;0;True;0;-2;1843.0
245;270581,0726;7042212,904;63,63566822;255,3689332;1841;1883;1982;2012;Gjelvangveita 7;0;0;0;True;0;2009;1842.0
246;270546,412;7042224,428;42,27041712;111,3145586;1841;1883;1899;1909;Gaubekveita 5;0;0;0;True;0;1899;1841.0
247;270546,2376;7042215,642;36,31896858;78,25581954;1841;1883;1900;1910;Gaubekveita 3;0;0;two cycles;True;0;1908;1843.0
248;270547,3;7042194,765;51,94219327;173,3159447;1841;1883;1904;1914;Carl Johans gate 6;0;0;0;True;0;1913;1841.0
249;270545,8219;7042206,377;44,00937105;120,0967528;1841;1883;1900;1910;Gaubekveita 1;0;0;two cycles;True;0;1906;1843.0
250;270558,6384;7042197,294;61,94443837;178,153893;1841;1883;1904;1914;Gjelvangveita 4;0;0;0;True;0;1906;1841.0
251;270581,9524;7042225,153;53,3561271;166,946672;1841;1883;1895;1905;Gjelvangveita 9;0;0;0;True;0;1902;1841.0
252;270607,0715;7042230,83;84,35866084;252,9205053;1841;1883;1936;1946;Søndre gate 26;0;0;0;True;0;1940;1841.0
253;270523,2139;7042240,314;37,57899233;77,44926567;1841;1865;1921;1931;Fjordgata 25;0;0;0;True;0;1922;1845.0
254;270532,4129;7042241,035;48,80099599;154,3408802;1841;1883;1921;1931;Fjordgata 25;0;0;0;True;0;1927;1843.0
255;270498,2451;7041993,917;136,2724218;1154,487909;1842;1845;1999;2003;Dronningens gate 14;0;pictures + antikvarisk;0;True;0;2001;1843.0
256;270490,5518;7042101,177;52,63777471;179,6400053;1841;1883;1888;1898;Olav Tryggvasons gate 27;0;0;0;True;0;1891;1842.0
257;270548,0105;7042065,972;61,12876197;223,4156951;1841;1883;1947;1953;Thomas Angells gate 12;0;0;0;True;0;1948;1843.0
258;270549,3897;7042095,262;67,75282161;274,7670438;1841;1883;1905;1915;Olav Tryggvasons gate 19;0;0;antikvarisk says 1841;True;0;1913;1842.0
259;270523,958;7041983,775;130,9398291;410,5871938;1841;1883;1923;1933;Dronningens gate 12;0;0;0;True;0;1928;1841.0
260;270554,1445;7041986,112;198,4932568;628,9713171;1841;1845;1909;1909;Dronningens gate 10;0;0;0;True;0;1909;1843.0
261;270546,0481;7042035,508;59,60031255;221,6326251;1841;1883;1903;1913;Thomas Angells gate 7;0;0;0;True;0;1905;1841.0
262;270558,4587;7042035,579;47,55544344;136,7804218;1841;1883;1896;1906;Thomas Angells gate 3;0;0;0;True;0;1904;1842.0
264;270530,8201;7042198,369;51,46242388;168,3072707;1841;1883;1890;1900;Carl Johans gate 8;0;0;0;True;0;1899;1842.0
265;270521,8797;7042199,823;47,53908491;114,3023728;1841;1883;-10;0;Carl Johans gate 10;0;0;0;True;0;-2;1845.0
266;270513,0076;7042200,589;55,58620564;185,4241497;1841;1883;-10;0;Carl Johans gate 12;0;0;0;True;0;-9;1844.0
267;270531,7089;7042212,906;45,74837523;132,3505245;1841;1883;1890;1900;Gaubekveita 2;0;0;0;True;0;1899;1842.0
268;270523,6089;7042213,773;31,68090108;53,97721456;1841;1883;-10;0;Gaubekveita 4;0;0;0;True;0;0;1848.0
269;270517,6792;7042214,101;35,43171237;74,64218468;1841;1883;-10;0;Gaubekveita 6;0;0;0;True;0;-1;1845.0
270;270510,8358;7042214,24;32,08530469;57,52730148;1841;1883;1910;1930;Gaubekveita 8;0;0;current one from post reformation;True;0;1926;1841.0
271;270532,1353;7042228,897;44,42422837;128,2368468;1841;1883;1921;1931;Gaubekveita 14;0;0;0;True;0;1929;1842.0
272;270603,2446;7042216,305;98,0119933;284,5638188;1841;1845;2006;2006;Søndre gate 24;fire;0;0;True;1;2006;1843.0
273;270587,8258;7041981,045;112,0267567;549,2427372;1841;1883;1951;1959;Søndre gate 12;0;0;0;True;0;1958;1842.0
274;270582,2577;7042235,53;39,82181745;95,87089733;1841;1883;-10;0;Gjelvangveita 11;0;0;0;True;0;-3;1841.0
275;270526,6162;7042008,004;48,62105704;129,6314184;1841;1845;2004;2005;Thomas Angells gate 9B;0;antikvarsik + pictures;0;True;0;2004;1843.0
276;270594,6743;7042017,074;64,91561053;240,9522875;1841;1883;1927;1937;Søndre gate 14;0;0;0;True;0;1936;1842.0
277;270585,4163;7042005,626;59,78978533;111,7134882;1841;1883;1949;1959;0;0;0;0;True;0;1951;1846.0
278;270587,4289;7042030,38;117,5962673;384,3697489;1841;1883;1927;1937;Søndre gate 14;0;0;0;True;0;1931;1842.0
280;270802,9041;7042234,093;78,13733113;391,3433536;1841;1883;1892;1902;Fjordgata 1;0;0;0;True;0;1893;1842.0
281;270782,3809;7042243,19;38,44521857;96,49501744;1841;1883;1898;1898;Fjordgata 3;0;0;0;True;0;1898;1841.0
282;270798,426;7042219,633;61,44950613;219,9307612;1841;1883;1892;1902;Krambugata 15;0;0;0;True;0;1899;1842.0
283;270766,1536;7042229,125;68,00410689;166,4670454;1841;1851;1857;1857;Brattørveita 2;0;antikvarisk;MODIFIED cf vfeb;True;1;1857;1847.0
284;270777,4396;7042223,6;32,68145993;68,04341661;1841;1851;1857;1857;Brattørveita 2;0;antikvarisk;fire 1857;True;1;1857;1842.0
285;270779,541;7042233,939;56,95774192;107,6405955;1841;1851;1857;1857;Krambugata 22;0;antikvarisk;MODIFIED cf vfeb;True;1;1857;1843.0
286;270674,7326;7042243,353;114,4288465;382,8445025;1841;1883;1982;1982;Fjordgata 13;0;0;wrong date in geonorge;True;0;1982;1842.0
287;270686,5239;7042196,531;50,99234156;146,7894694;1841;1883;1922;1932;Brattørgata 10;0;0;0;True;0;1929;1842.0
288;270704,4927;7042192,745;51,10776132;118,2876538;1841;1883;1925;1935;Brattørgata 6;0;0;0;True;0;1931;1841.0
289;270713,0703;7042189,727;62,31188966;224,9839535;1841;1883;1892;1902;Brattørgata 4;0;0;0;True;0;1894;1842.0
290;270722,5515;7042186,938;52,02321041;143,3608084;1841;1883;1892;1902;Brattørveita 13C;0;0;0;True;0;1893;1842.0
291;270737,8129;7042211,261;46,99237093;130,8669756;1841;1883;1981;1991;Brattørveita 7;0;0;CHECK PICTURES;True;0;1987;1841.0
292;270737,3903;7042188,208;52,03335323;167,1161048;1841;1883;1897;1909;Brattørveita 11;0;0;0;True;0;1897;1842.0
293;270747,4229;7042211,143;48,12010226;140,033019;1841;1845;1981;1991;Brattørveita 5;0;0;CHECK PICTURES;True;0;1987;1842.0
294;270757,8154;7042210,427;49,75155921;149,4622721;1841;1845;1981;1991;Brattørveita 3;0;0;CHECK PICTURES;True;0;1990;1843.0
295;270770,0014;7042209,456;54,19315866;194,0451045;1841;1883;1981;1991;Krambugata 20;0;0;CHECK PICTURES;True;0;1989;1841.0
296;270764,6322;7042199,125;54,58806621;124,3904081;1841;1883;1981;1991;Krambugata 18;0;0;CHECK PICTURES;True;0;1986;1841.0
297;270756,2485;7042186,396;83,02291409;416,8810467;1841;1883;1981;1991;Krambugata 16;0;0;0;True;0;1990;1841.0
298;270737,1486;7042177,581;47,94753025;128,2209993;1841;1883;1981;1991;Brattørgata 2?;0;0;CHECK PICTURE;True;0;1990;1844.0
299;270753,6455;7042174,021;48,27627679;120,5274041;1841;1883;1981;1991;Brattørgata 2?;0;0;CHECK PICTURE;True;0;1989;1842.0
301;270657,7965;7042006,062;62,18215749;226,1047085;1841;1883;1915;1925;Krambugata 6;0;0;0;True;0;1920;1843.0
302;270640,2074;7041988,376;150,5330492;1348,295675;1841;1845;1896;1906;Søndre gate 15;0;0;two cycles since then;True;0;1896;1842.0
303;270626,1059;7041970,177;63,14818384;237,72633;1841;1845;1914;1914;Søndre gate 13;0;0;two cycles since then;True;0;1914;1841.0
304;270646,5427;7041967,051;58,8058143;181,0881389;1841;1883;1914;1924;Dronningens gate 4;0;0;0;True;0;1915;1844.0
305;270634,2954;7042010,928;82,39083782;353,0861331;1841;1845;1906;1916;Søndre gate 15;0;0;two cycles since then;True;0;1906;1842.0
315;270647,9349;7042049,576;60,54599397;202,420517;1841;1883;1957;1964;Thomas Angells gate 6;0;0;0;True;0;1961;1844.0
316;270657,1572;7042040,98;43,31240871;110,4407114;1841;1883;1957;1964;Thomas Angells gate 4;0;0;0;True;0;1963;1841.0
317;270697,4307;7042087,696;92,79377295;537,7221978;1841;1883;1937;1957;Olav Tryggvasons gate 5;0;0;0;True;0;1951;1842.0
318;270682,517;7042056,259;33,43361775;68,23721916;1841;1883;1937;1957;Krambugata 10;0;0;0;True;0;1938;1841.0
319;270667,3691;7042054,242;103,0575477;280,7841966;1841;1883;1957;1964;Krambugata 8;0;0;0;True;0;1958;1841.0
320;270668,8793;7042041,732;56,03364072;166,6556534;1841;1883;1957;1964;Thomas Angells gate 2;0;0;0;True;0;1958;1841.0
321;270720,2261;7041988,615;111,0635496;652,2437833;1841;1845;1877;1887;Kjøpmannsgata 36;0;antikvarisk;0;True;0;1884;1841.0
322;270706,5721;7041962,241;134,2142644;475,1451716;1841;1883;1899;1909;Dronningens gate 2;0;0;0;True;0;1906;1843.0
323;270727,1724;7041967,978;56,47689058;173,4994421;1841;1883;1951;1952;Kjøpmannsgata 34;0;0;0;True;0;1951;1842.0
324;270686,0459;7041992,979;192,7303896;1963,468594;1841;1883;1951;1964;Krambugata 7;0;0;0;True;0;1954;1842.0
325;270674,5183;7042073,151;126,9603039;733,3458631;1841;1883;1937;1957;Krambugata 12;0;0;0;True;0;1944;1844.0
326;270656,5432;7042092,372;56,15070728;195,169424;1841;1883;1937;1957;Olav Tryggvasons gate 11;0;0;0;True;0;1937;1841.0
327;270667,0591;7042091,851;56,63765048;179,4107936;1841;1883;1937;1957;Olav Tryggvasons gate 9;0;0;0;True;0;1955;1841.0
328;270679,1541;7042091,769;61,62902;230,626555;1841;1883;1937;1957;Olav Tryggvasons gate 7;0;0;0;True;0;1951;1841.0
329;270760,9759;7042064,696;87,01815297;499,7587276;1841;1883;1900;1910;Olav Tryggvasons gate 1;0;0;0;True;0;1903;1842.0
330;270699,8781;7042033,068;47,10938399;137,0223715;1841;1883;1971;1983;Kramboveiten 4;0;0;0;True;0;1980;1841.0
331;270704,614;7042049,921;50,80200631;110,0906331;1841;1883;1922;1932;Krambugata 3;0;0;0;True;0;1923;1846.0
332;270720,152;7042068,386;53,08995644;175,0020519;1841;1845;1965;1975;Krambugata 5;fire;0;0;True;1;1971;1842.0
333;270722,7787;7042079,446;31,62934949;62,19074645;1841;1845;1965;1975;Krambugata 7;fire;0;0;True;1;1966;1841.0
334;270768,6325;7042155,879;47,43686487;140,4099653;1841;1845;1975;1975;Krambugata 9;0;0;0;True;0;1975;1841.0
335;270780,1307;7042173,201;108,4769417;383,2990672;1789;1797;1975;1975;Krambugata 11;0;0;0;True;0;1975;
336;270819,1281;7042168,846;35,31575556;75,68090225;1841;1841;1976;1976;Kjøpmannsgata 48;0;archives;0;True;0;1976;1841.0
337;270790,7675;7042195,798;99,50806008;606,7277566;1841;1845;1975;1975;Krambugata 13;0;0;0;True;0;1975;1842.0
338;270793,1639;7042155,273;54,81512848;137,1175427;1841;1883;1966;1976;0;0;0;0;True;0;1967;1845.0
80;270706,0344;7042247,706;81,50044581;333,0131846;1839;1839;-10;0;Fjordgata 9;0.0;0.0;0;False;0;-6;1839.0
13;270364,2458;7042267,056;84,44338621;419,0936212;1840;1840;-10;0;Fjordgata 68;0.0;0.0;0;False;0;-6;1840.0
22;270386,3007;7042215,797;53,71361718;140,0313822;1840;1840;-10;0;Jomfrugata 20;0.0;0.0;0;False;0;-4;1840.0
50;270490,7009;7042071,547;81,04465108;258,2505919;1840;1840;-10;0;Nordre gate 13;0.0;0.0;0;False;0;-4;1840.0
8;270379,3603;7041996,934;119,8433753;441,421454;1841;1879;1879;1879;Dronningens gate 26;0.0;0.0;FIRE 1879;True;1;1879;1843.0
12;270293,3752;7042232,31;98,67886887;542,217156;1841;1841;-10;0;Fjordgata 82;0.0;0.0;0;False;0;-5;1841.0
14;270407,8805;7042280,272;92,65665466;476,9845447;1841;1841;-10;0;Fjordgata 64;0.0;0.0;0;False;0;-2;1841.0
17;270304,053;7042182,449;90,62819491;404,6969837;1841;1841;-10;0;Munkegata 41;0.0;0.0;0;False;0;-1;1841.0
25;270324,6992;7042065,542;63,88499344;207,8919797;1841;1841;-10;0;Munkegata 33;0.0;0.0;0;False;0;-9;1841.0
26;270330,6349;7042029,576;110,4623309;424,1753693;1841;1841;-10;0;Munkegata 27/29;0.0;0.0;0;False;0;-6;1841.0
27;270346,212;7042030,624;56,35152103;167,7830994;1841;1841;-10;0;Thomas Angells gate 21;0.0;0.0;0;False;0;-7;1841.0
28;270355,0453;7042031,44;53,5506098;166,44768;1841;1841;-10;0;Thomas Angells gate 19;0.0;0.0;0;False;0;-5;1841.0
29;270366,3601;7042031,983;48,75240427;128,6446727;1841;1841;-10;0;Thomas Angells gate 17;0.0;0.0;0;False;0;-1;1841.0
30;270379,5681;7042036,715;60,40453734;201,0215065;1841;1841;-10;0;Thomas Angells gate 15;0.0;0.0;0;False;0;-9;1841.0
31;270379,5461;7042028,086;52,58149278;134,0876384;1841;1841;-10;0;Jomfrugata 6;0.0;0.0;0;False;0;-6;1841.0
32;270380,0819;7042015,354;65,8815022;250,9615348;1841;1879;1879;1879;Jomfrugata 4;0.0;0.0;FIRE 1879;True;1;1879;1842.0
33;270408,9304;7042038,136;62,62183798;180,0872862;1841;1841;-10;0;Jomfrugata 5A/5B;0.0;0.0;0;False;0;-6;1841.0
34;270405,5139;7042026,632;44,99459122;113,9740108;1841;1841;-10;0;Jomfrugata 3;0.0;0.0;0;False;0;-7;1841.0
35;270427,4388;7042036,132;97,4379853;278,4793915;1841;1841;-10;0;Thomas Angells gate 13;0.0;0.0;0;False;0;0;1841.0
36;270427,7401;7042017,688;83,51539908;228,1360541;1841;1841;-10;0;Vaterlandsveita 2;0.0;0.0;0;False;0;-9;1841.0
37;270408,927;7042016,138;54,4822998;178,4939014;1841;1841;-10;0;Jomfrugata 1;0.0;0.0;0;False;0;-1;1841.0
38;270356,2048;7042066,152;46,20723394;119,4529218;1841;1841;-10;0;Nedre Enkeltskillingsveita 2;0.0;0.0;0;False;0;-1;1841.0
39;270354,5255;7042055,55;40,35471379;96,89068818;1841;1841;-10;0;Thomas Angells gate 26;0.0;0.0;0;False;0;-3;1841.0
46;270582,8084;7042064,07;72,02599799;267,7778193;1841;1841;-10;0;Thomas Angells gate 10;0.0;0.0;0;False;0;-2;1841.0
47;270518,8856;7042066,419;58,08656046;112,8067541;1841;1841;-10;0;Thomas Angells gate 14;0.0;0.0;0;False;0;-7;1841.0
48;270510,1376;7042066,172;68,49773236;147,7199606;1841;1841;-10;0;Thomas Angells gate 16;0.0;0.0;0;False;0;-3;1841.0
49;270503,3801;7042071,503;87,88344733;292,9838211;1841;1841;-10;0;Thomas Angells gate 18;0.0;0.0;0;False;0;-3;1841.0
52;270570,6354;7042096,684;79,68453488;340,4813328;1841;1841;-10;0;Olav Tryggvasons gate 17;0.0;0.0;0;False;0;-2;1841.0
57;270688,5076;7042132,069;189,0455377;669,3809824;1841;1841;-10;0;Olav Tryggvasons gate 6;0.0;0.0;0;False;0;-7;1841.0
64;270487,8694;7042284,718;84,31854152;347,9044759;1841;1841;-10;0;Fjordgata 54;0.0;0.0;0;False;0;-4;1841.0
66;270512,3122;7042287,628;95,4955983;407,1034292;1841;1841;-10;0;Fjordgata 50;0.0;0.0;0;False;0;-7;1841.0
67;270555,7401;7042290,614;98,28848847;480,4563248;1841;1841;-10;0;Fjordgata 42;0.0;0.0;0;False;0;-7;1841.0
68;270566,888;7042291,201;87,06705624;298,4983297;1841;1841;-10;0;Fjordgata 40;0.0;0.0;0;False;0;-1;1841.0
69;270582,7747;7042293,265;87,24807424;352,2252404;1841;1841;-10;0;Fjordgata 38;0.0;0.0;0;False;0;-4;1841.0
71;270607,9051;7042293,71;95,10394307;501,1326544;1841;1857;1857;1857;Fjordgata 34;0.0;0.0;FIRE 1857;True;1;1857;1843.0
72;270641,9438;7042299,177;93,77732953;457,3792665;1841;1857;1857;1857;Fjordgata 32;0.0;0.0;FIRE 1857;True;1;1857;1844.0
73;270658,5417;7042297,844;99,82706265;568,855042;1841;1857;1857;1857;Fjordgata 30;0.0;0.0;FIRE 1857;True;1;1857;1841.0
74;270677,5849;7042296,6;105,3978491;577,9587815;1841;1857;1857;1857;Fjordgata 28;0.0;0.0;FIRE 1857;True;1;1857;1844.0
75;270707,2984;7042294,582;94,46850209;489,6468697;1841;1857;1857;1857;Fjordgata 24;0.0;0.0;FIRE 1857;True;1;1857;1841.0
76;270720,9015;7042293,479;86,18681454;352,6421905;1841;1857;1857;1857;Fjordgata 22;0.0;0.0;FIRE 1857;True;1;1857;1847.0
77;270732,3237;7042292,742;87,06408666;373,9667201;1841;1857;1857;1857;Fjordgata 20;0.0;0.0;FIRE 1857;True;1;1857;1844.0
78;270806,9356;7042282,396;73,31684199;302,1695784;1841;1841;-10;0;Fjordgata 12;0.0;0.0;0;False;0;-7;1841.0
83;270826,0753;7042186,431;77,58403059;340,9557567;1841;1841;-10;0;Kjøpmannsgata 50;0.0;0.0;0;False;0;-4;1841.0
85;270702,0382;7042214,787;81,00165213;179,5558047;1841;1841;-10;0;Brattørveita 17;0.0;0.0;0;False;0;-3;1841.0
86;270724,1743;7042212,561;81,68587333;185,0490912;1841;1841;-10;0;Brattørveita 13A/B;0.0;0.0;0;False;0;-3;1841.0
87;270333,1852;7041996,724;66,78938353;268,6484557;1841;1879;1879;1879;Dronningens gate 32;0.0;0.0;FIRE 1879;True;1;1879;1841.0
88;270349,3091;7041996,558;68,38978733;287,7007836;1841;1879;1879;1879;Dronningens gate 30;0.0;0.0;FIRE 1879;True;1;1879;1845.0
89;270361,406;7042005,236;103,4086962;482,5001758;1841;1879;1879;1879;Dronningens gate 28;0.0;0.0;FIRE 1879;True;1;1879;1841.0
99;270519,8975;7042037,153;51,71736555;146,5919718;1841;1841;-10;0;Thomas Angells gate 9;0.0;0.0;0;False;0;-5;1841.0
9;270452,9425;7042221,469;145,6278085;754,0042106;1842;1842;-10;0;Nordre gate 26/28/30;0.0;0.0;0;False;0;-7;1842.0
20;270323,5503;7042193,423;118,0969024;403,5126148;1842;1842;-10;0;Fjordgata 47/49;0.0;0.0;0;False;0;-3;1842.0
21;270374,436;7042225,572;53,01070912;110,6919771;1842;1842;-10;0;Fjordgata 39;0.0;0.0;0;False;0;-4;1842.0
42;270435,9575;7042212,803;110,7577209;447,4445888;1842;1842;-10;0;Ørjaveita 2;0.0;0.0;0;False;0;-4;1842.0
56;270663,5249;7042137,12;121,0108559;615,2429755;1842;1842;-10;0;Olav Tryggvasons gate 8/10;0.0;0.0;0;False;0;-9;1842.0
62;270487,9217;7042206,786;66,79109225;240,3140339;1842;1842;-10;0;Nordre gate 21;0.0;0.0;0;False;0;-5;1842.0
82;270669,3163;7042202,917;55,94881487;187,9783478;1842;1842;-10;0;Brattørgata 12B;0.0;0.0;0;False;0;-9;1842.0
18;270302,3131;7042164,907;48,85905978;147,5094417;1843;1843;-10;0;Munkegata 39;0.0;0.0;0;False;0;-1;1843.0
19;270314,1253;7042170,161;47,97846512;139,0463993;1843;1843;-10;0;Taraldsgårdsveita 14;0.0;0.0;0;False;0;-2;1843.0
10;270641,7465;7042245,221;81,03240379;295,2161496;1844;1844;-10;0;Fjordgata 17;0.0;0.0;0;False;0;-6;1844.0
84;270656,2918;7042244,674;98,58878062;410,3947951;1844;1844;-10;0;Fjordgata 15;0.0;0.0;0;False;0;-1;1844.0
4;270595,8473;7042161,532;111,4395693;415,4755386;1845;1845;-10;0;Søndre gate 22;0.0;0.0;0;False;0;-6;1845.0
40;270383,4589;7042175,128;45,83222748;125,7683208;1845;1845;-10;0;Jomfrugata 16A;0.0;0.0;0;False;0;-4;1845.0
54;270634,3991;7042072,59;67,43740722;261,3534517;1845;1845;-10;0;Søndre gate 17;0.0;0.0;0;False;0;-8;1845.0
58;270640,3312;7042153,749;85,22268905;238,3740534;1845;1845;-10;0;Søndre gate 19;0.0;0.0;0;False;0;-3;1845.0
59;270637,6612;7042183,596;58,70172733;163,9222109;1845;1845;-10;0;Søndre gate 23;0.0;0.0;0;False;0;-3;1845.0
61;270598,8156;7042149,185;75,87337903;291,8209585;1845;1845;-10;0;Søndre gate 20;0.0;0.0;0;False;0;-1;1845.0
81;270650,8575;7042220,062;101,6116901;339,9859101;1845;1845;-10;0;Søndre gate 27 ;0.0;0.0;0;False;0;-3;1845.0
90;270423,6395;7041988,601;65,94501485;267,2299009;1845;1845;-10;0;Dronningens gate 20/22;0.0;0.0;0;False;0;-7;1845.0
23;270351,1918;7042188,547;50,17261533;135,599052;1850;1850;-10;0;Taraldsgårdsveita 6;0.0;0.0;0;False;0;-5;1850.0
24;270332,3521;7042178,173;49,9423784;132,7335546;1850;1850;-10;0;Taraldsgårdsveita 10;0.0;0.0;0;False;0;-1;1850.0
43;270418,9742;7042202,296;60,59205804;97,81958384;1841;1850;-10;0;Ørjaveita 6;0.0;0.0;0;False;0;-7;1845.0
79;270726,515;7042240,121;117,238154;391,8088679;1841;1851;1857;1857;Fjordgata 7;0.0;0.0;0;True;1;1857;1842.0
16;270438,2872;7042282,355;81,67972719;293,827455;1841;1868;1858;1868;Fjordgata 60;0.0;0.0;0;True;0;1859;1844.0
15;270424,9982;7042281,141;100,9186159;553,4505624;1841;1870;1860;1870;Fjordgata 62;0.0;0.0;0;True;0;1868;1845.0
41;270429,5031;7042204,982;50,88251074;156,7850804;1841;1870;1860;1870;Ørjaveita 4;0.0;0.0;0;True;0;1864;1841.0
55;270731,0108;7042139,478;77,84546197;229,7415658;1841;1872;1862;1872;Krambugata 12;0.0;0.0;0;True;0;1863;1842.0
70;270593,8783;7042295,045;93,32506531;403,7297774;1841;1872;1862;1872;Fjordgata 36;0.0;0.0;0;True;0;1863;1841.0
3;270520,4987;7042090,719;79,91060274;280,2410673;1841;1873;1863;1873;Olav Tryggvasons gate 23;0.0;0.0;0;True;0;1865;1845.0
6;270322,8868;7042175,153;41,60451916;94,91036112;1841;1874;1864;1874;Taraldsgårdsveita 12;0.0;0.0;0;True;0;1873;1841.0
44;270434,759;7042233,167;90,38234142;180,9481129;1841;1874;1864;1874;Fjordgata 33;0.0;0.0;0;True;0;1864;1841.0
63;270504,8796;7042235,623;75,81697822;287,0349325;1841;1874;1864;1874;Fjordgata 31;0.0;0.0;0;True;0;1867;1844.0
65;270500,1547;7042286,781;90,93597897;408,7549462;1841;1874;1864;1874;Fjordgata 52;0.0;0.0;0;True;0;1866;1856.0
7;270562,1974;7042233,215;103,5614231;597,4537713;1841;1875;1865;1875;Fjordgata 21;0.0;0.0;0;True;0;1871;1843.0
53;270636,6192;7042089,416;87,84754652;502,6862815;1841;1876;1866;1876;Olav Tryggvasons gate 13;0.0;0.0;0;True;0;1874;1842.0
51;270489,7604;7042085,499;57,94567854;201,6088003;1841;1880;1870;1880;Nordre gate 15;0.0;0.0;0;True;0;1876;1844.0
45;270453,2572;7042093,382;84,10121739;439,3773138;1841;1881;1871;1881;Olav Tryggvasons gate 29;0.0;0.0;0;True;0;1872;1841.0
60;270651,7452;7042178,126;53,29101633;154,035151;1841;1883;1873;1883;Brattørgata 7;0.0;0.0;0;True;0;1874;1844.0
